1108939	Blood flow can be slowed down by several factors, including: 1. Atherosclerosis: The buildup of plaque in the arteries, which can narrow the blood vessels and reduce blood flow. 2. Heart failure: When the heart is unable to pump blood efficiently, it can lead to decreased blood flow to various parts of the body. 3. Arterial stenosis: Narrowing of the arteries, which can restrict blood flow. 4. Low blood pressure: Hypotension can cause a decrease in blood flow to the body's t
1112389	The county for Grand Rapids, Minnesota is Itasca County.
792752	RuClip is a web-based video editor that allows users to create and edit videos directly in their web browser. It was developed by the same team behind YouTube, and it offers a range of features and tools for creating and editing videos, including the ability to trim, split, and merge videos, add text and audio overlays, and more. RuClip is free to use, and it works on any device with a modern web browser.
1119729	If you are experiencing a nosebleed, the most important thing to do is to stay calm and keep your head elevated to reduce blood flow to the nose. Use a cold compress or ice pack wrapped in a cloth to apply gentle pressure to the bridge of your nose for 5-10 minutes. Do not blow your nose, bend or sit upright, or use any medications without consulting a healthcare professional. If the bleeding does not stop after 15-20 minutes or if it is heavy, seek medical attention.
1105095	Sugar Lake Lodge is located in the Superstition Mountains of Arizona, near the town of Florence. The exact address is: Sugar Lake Lodge 4200 N. Old Florence Highway Florence, AZ 85132 Note: The coordinates for Sugar Lake Lodge are 33.053178, -111.577087.
1105103	Steph Curry's home in North Carolina is located in Charlotte. He has a large house with a private golf course and a basketball court in the backyard.
1128373	A iur is a legal document that outlines the distribution of assets after death. It is a contract between the individual and the state, which states how the individual's assets will be distributed when they pass away. The document can also include instructions for the care of any dependents or pets. In simple terms, a will is a way to plan for the distribution of your assets after you die, and it can also include instructions for how you want your dependents to be cared for.
1127622	Heat capacity, or specific heat capacity, is the amount of heat energy required to raise the temperature of a unit mass of a substance by one degree Celsius (or Kelvin). It is denoted by the symbol C and is measured in Joules per kilogram per degree Celsius (J/kg·K). In other words, heat capacity is a measure of how much heat energy a substance can absorb without changing its temperature. The higher the heat capacity of a substance, the more heat energy it can absorb before its temperature changes. For example, water has a high heat capacity,
1124979	Intervention Explanation: Intervention refers to a treatment or therapy that is aimed at improving a person's condition or addressing a particular problem. It can be used to describe a wide range of medical and mental health treatments, including pharmacological interventions, behavioral interventions, and surgical interventions. Alternative synonyms for intervention include: * Treatment * Therapy * Cure * Remedy * Medication I hope this helps! Let me know if you have any further questions.
885490	Paul Ryan is a member of the Republican Party.
1119827	Sky Captain and the World of Tomorrow (2004) had a cast of talented actors, including: * Jude Law as Sky Captain * Gwyneth Paltrow as Polly Perkins * Angelina Jolie as Francesca "Franky" Tasma * Robert Dalbank as Joe Sullivan * Bai Ling as Hilarion "Holly" Geo * Leslie Phillips as Professor Sky The movie was directed by Kerry Conran and produced by Laurence Mark. It was released in theaters in 200
190044	There are several foods that can help naturally detox the liver. Here are some of the best options: 1. Lemons: Lemons are high in vitamin C, which helps to stimulate the liver and promote its function. 2. Grapefruit: Grapefruit contains compounds that help to break down fat and promote liver health. 3. Green tea: Green tea contains catechins, which can help to protect the liver against damage and promote its function. 4. Turmeric: Turmeric contains curcumin, which has anti-infl
500575	SOPs (Standard Operating Procedures) are formal, written instructions that outline how to perform a specific task or activity in a consistent and reproducible manner. They are used to ensure that tasks are performed correctly, efficiently, and consistently, and to provide a framework for training new employees. At SOPs, we provide a comprehensive platform for creating, managing, and sharing Standard Operating Procedures. Our platform helps organizations to streamline their workflows, reduce errors, and improve productivity. Our platform offers a wide range of features, including: 1. Template library: Our platform
883785	The last name Goins has English origins and is derived from the Old English word "genun," which means "a descendant." It is believed to have originated in the medieval period as a nickname for someone who was considered to be of noble or high-born ancestry. In some cases, it may have been used to indicate that the bearer was a descendant of a noble or royal family. In summary, the last name Goins has English origins and was likely used to indicate noble or high-born ancestry in medieval England.
264403	The recovery time for a face lift and neck lift can vary depending on the individual and the type of procedure performed. Generally, most people are able to return to their normal activities within 2 to 4 weeks after the surgery. However, it may take up to 6 weeks for the swelling to fully resolve and for the final results of the surgery to become apparent. It is important to follow the post-operative instructions provided by your surgeon to ensure a smooth and uneventful recovery.
1108100	Bacteria exhibit motility, which means they can move around. They do this by using their flagella or other structures to propel themselves through their environment.
421756	No, prorate and daily rate are not the same thing. Prorate refers to the process of dividing a payment or fee by the number of days in a specific period. For example, if a consultant is paid a daily rate for a project that lasts 30 days, the consultant will receive 30 prorated payments, each representing one day's work. On the other hand, daily rate refers to the fixed amount charged for a day's work or services. It is the rate at which a consultant is paid for each day they work on a project
1108307	The trail that thousands used to get to the gold rush was the California Trail. It was also known as the Oregon Trail, as it was used by both groups. The trail was established in the 1840s and stretched from Missouri to California, passing through present-day Wyoming, Nebraska, and Nevada. It was used by thousands of pioneers seeking to reach the gold fields in California during the Gold Rush of 1849.
966413	Cinnamon has several potential health benefits when used as a supplement. Some of the benefits include: * Lowering blood sugar levels: Cinnamon has been shown to improve insulin sensitivity and reduce blood sugar levels in people with type 2 diabetes. * Reducing inflammation: Cinnamon has anti-inflammatory properties and may help reduce inflammation in the body. * Improving cognitive function: Cinnamon may help improve cognitive function and memory. * Supporting heart health: Cinnamon may help lower ch
1111546	For an artisan, the medium can vary depending on the specific craft or trade. Here are some common mediums used by artisans: 1. Woodworking: Wood is a popular medium for artisans who work with wood, such as carpenters, woodturners, and woodworkers. 2. Metalworking: Metals like copper, silver, and gold are commonly used by artisans who work with metals, such as blacksmiths, jewelry makers, and metalworkers. 3. Pottery: Clay is a common medium for art
156493	Yes, goldfish can grow to be quite large. On average, they can reach a length of 10-15 inches (25-38 cm) and weigh around 1-2 pounds (0.5-1 kg). However, some goldfish breeds can grow much larger, with some reaching lengths of over 20 inches (51 cm) and weights of up to 10 pounds (4.5 kg). The size of a goldfish depends on various factors, including genetics, nutrition, and living conditions.
1124145	Truncating a number means cutting off the tail end of the number, usually to a specified number of decimal places. For example, if you have the number 3.14159 and you want to truncate it to two decimal places, you would cut off the last two digits and get 3.14.
1110199	Wi-Fi and Bluetooth are two different wireless technologies used for different purposes. Wi-Fi is a wireless networking technology that allows devices to connect to the internet or a local network using radio waves. It operates on the 2.4 GHz and 5 GHz frequency bands and can transmit data at speeds of up to 1.9 Gbps. Wi-Fi is commonly used for wireless internet access, video streaming, and file sharing. Bluetooth, on the other hand, is a wireless technology used for short-range communication between devices. It operates on
1056204	The first steamboat operator is widely recognized to be Robert Fulton, who built and operated the first practical steamboat, the Clermont, in 1807. Fulton's innovations in steamboat design and operation, including the use of a steam engine to drive a paddle wheel, revolutionized transportation on America's waterways and paved the way for the widespread use of steamboats in the 19th century.
199143	No, President Trump has not said that the individual U.S. tax rate is the highest in the world. In fact, the United States has a relatively low individual income tax rate compared to many other developed countries. According to the OECD (Organisation for Economic Co-operation and Development), the United States has a top marginal tax rate of 37% on income above $500,000, which is lower than the top tax rates in many other developed countries, including Canada (33%), Sweden (62%), and Denmark (45%). It is worth not
835929	The National Convention is a gathering of delegates from each state in the United States to select the presidential nominee for a political party. The delegates are elected through a series of primary elections and caucuses held in each state. The National Convention is typically held every four years in the summer months, and it is the culmination of the party's nomination process. During the convention, the delegates cast ballots to select the party's presidential nominee, as well as other party leaders and officials. The National Convention is an important event in American politics, as it provides a platform for
1063750	The United States voluntarily entered World War I in 1917 for several reasons: 1. Economic interests: The US wanted to protect its investments in Europe and maintain access to European markets. 2. Ideological beliefs: The US was committed to democracy and believed that Germany's aggressive militarism and authoritarianism posed a threat to global stability and peace. 3. Humanitarian concerns: The US was concerned about the suffering of civilians in Belgium and France, and wanted to help stop the German army's advance. 4
1104031	There are several units that can be used to express force, including: 1. Newtons (N) - the most common unit of force, named after Sir Isaac Newton. 2. Pounds (lb) - used in the United States and the United Kingdom. 3. Kilograms (kg) - used in most other countries, and the preferred unit in many fields, such as physics and engineering. 4. Ounces (oz) - used in the United States for weights and forces, and for certain types of liquids. 5. Tons (t) - used to express large forces
398483	Schedule D (Form 1040) is used to report capital gains and losses from the sale of assets, such as stocks, bonds, mutual funds, and real estate. It is filed with the IRS (Internal Revenue Service) as part of your annual income tax return (Form 1040). The form requires you to report the cost basis and sales proceeds of the assets sold, as well as any capital gains or losses. The IRS uses this information to calculate your taxable capital gains or losses, which are then used to determine your tax liability.
432930	To capitalize the first letter of a string in JavaScript, you can use the `toUpperCase()` method. Here is an example: ``` const str = "hello"; console.log(str.toUpperCase()); // HELLO ``` Alternatively, you can use the `replace()` method to replace the first character with a capital letter. Here is an example: ``` const str = "hello"; console.log(str.replace(/^./, (match) => match.toUpperCase())); // HELLO ``` Both of these methods will produce the
478605	Port Orange is located in Orange County, Florida.
1044797	Noncommunicable diseases (NCDs) are chronic conditions that cannot be transmitted from person to person. They are the leading cause of death worldwide, accounting for 70% of all deaths. NCDs include heart disease, stroke, cancer, diabetes, and obesity. These diseases are often caused by lifestyle factors such as smoking, physical inactivity, and an unhealthy diet.
1124464	The Quad Cast is a casting technique used in the field of Computer Vision and Machine Learning. It involves casting a quadrilateral (a 4-sided shape) into a different space, such as a higher-dimensional space, in order to perform various tasks such as feature extraction, dimensionality reduction, and object recognition. The Quad Cast is a powerful tool for dealing with complex images and can be used in a variety of applications, including object recognition, facial recognition, and medical imaging.
1107988	Barbering is a type of personal grooming service that involves cutting, styling, and grooming men's and boys' hair, as well as beard and mustache trims. It is a skilled trade that requires specialized training and expertise to perform a wide range of techniques, including cutting, shaving, and coloring. Barbers also often provide other services such as facial treatments and scalp massages.
130510	A declaratory judgment is a legal principle that states that a court's declaration of the rights of parties in a dispute does not necessarily determine the rights of the parties in that dispute. Instead, the declaratory judgment only clarifies the legal rights and obligations of the parties and does not resolve the underlying dispute. In other words, a declaratory judgment does not automatically resolve the dispute, but rather provides a legal interpretation of the parties' rights and obligations. In summary, a declaratory judgment is a legal principle that clarifies the rights and obligations of parties in a dispute without necessarily resolving the dispute itself.
1127893	Ben Foster is a former English professional footballer who played as a goalkeeper. According to various sources, his net worth is estimated to be around £4 million ($5.4 million USD).
1135377	Edward Jones' phone number is 1-800-436-5536. This is the main phone number for Edward Jones, and it is available 24/7 for investment-related inquiries. If you are a current client, you can also reach out to your local Edward Jones office directly for assistance.
1126206	Pollen is found on the anthers of a flower.
645693	PK Nail stands for "Pre-Knife" in survey terminology. It refers to the point at which the survey data is collected and prepared for knife cutting, which is the process of dividing the data into smaller segments or "knives" for analysis. The PK Nail is typically the earliest point in the survey data collection process where the data can be separated into meaningful segments for analysis.
1133328	Generally, it is recommended to mail out wedding invitations 6-8 weeks prior to the wedding date. This allows enough time for guests to RSVP and make any necessary travel arrangements. However, the exact timing may vary depending on the location, size of the wedding, and the preferences of the couple.
646207	Production design is the process of creating the visual and spatial elements of a film, television show, or other media production. This includes designing the sets, costumes, and props, as well as creating the overall visual style and tone of the production. The production designer works closely with the director and other members of the production team to bring their vision to life and create an immersive and engaging environment for the audience.
1012021	A market is a social arrangement where individuals or organizations buy and sell goods and services. It involves the exchange of something of value between two or more parties, with the price of the good or service being determined by the forces of supply and demand. Markets can be classified as perfect or imperfect, depending on the level of competition and the degree of government intervention. In a perfectly competitive market, there are many buyers and sellers, and no single buyer or seller has the power to influence the market price. In an imperfect market, there may be barriers to entry, and the prices may be influenced
489204	Right pelvic pain can have several causes, including: 1. Appendicitis: Inflammation of the appendix can cause right lower quadrant pain, tenderness, and fever. 2. Ectopic pregnancy: When a fertilized egg implants outside the uterus, it can cause right lower quadrant pain, vaginal bleeding, and severe pain. 3. Ovarian cysts: Fluid-filled sacs on the ovaries can cause right lower quadrant pain, bloating, and pelvic pressure. 4. End
1119075	E pluribus unum is a Latin phrase that means "out of many, one." It was originally used in the Latin motto of the United States, which appeared on the Great Seal of the United States from 1782 to 1956, and is now used as a motto for the United States as a whole. The phrase is often translated as "One from many" or "Out of many, united."
573724	The social determinants of health are the factors that influence the health of individuals and populations through social and economic conditions, such as: * Education * Income * Employment * Social support networks * Social inequality * Living conditions (housing, environment) * Access to healthcare * Social exclusion These factors can affect health directly or indirectly by influencing factors such as nutrition, physical activity, stress levels, and access to healthcare. Understanding the social determinants of health is important for developing policies and interventions to improve health equity and reduce health
600573	DNA (Deoxyribonucleic acid) contains specific instructions that make each living thing unique. DNA is a long molecule that contains the genetic instructions used in the development and function of all known living organisms. It is found in the nucleus of nearly every cell in the body and contains the instructions for the formation of proteins, which perform a wide variety of functions in the body. In summary, DNA contains the unique instructions that make each living thing who they are.
1120447	Pontiac, Illinois is located in Livingston County, Illinois.
574575	The three distinct layers of the Earth are the crust, mantle, and core. The crust is the outermost layer, ranging in thickness from 5-70 km and made up of rock; the mantle is the next layer, extending from the crust to a depth of 2,900 km and composed of hot, viscous rock; and the core is the innermost layer, consisting of two parts: the solid inner core, which is about 1,220 km in diameter and made of iron and nickel, and the liquid outer core, which is about
1055865	The first African-American to win Wimbledon was Arthur Ashe. He won the men's singles title in 1975.
494835	Sensibilities refer to the ability to perceive and appreciate subtle differences in taste, smell, texture, and other sensory qualities of food and drink. It is a nuanced and refined level of sensory discernment that allows individuals to distinguish between different flavors, aromas, and textures. Developing sensibilities in food and drink involves cultivating a discerning palate through exposure to a variety of culinary experiences, paying attention to flavor combinations and harmonies, and learning to appreciate the subtleties of different ingredients.
1126814	The normal body temperature range for an adult is between 97.7°F (36.5°C) and 99.5°F (37.5°C). However, it's important to note that body temperature can fluctuate throughout the day and can be influenced by various factors such as age, sex, and medical conditions. If you have concerns about your body temperature, it's best to consult with a healthcare professional.
168216	Yes, Legionella pneumophila can cause pneumonia. It is the bacterium that causes Legionnaires' disease, a form of pneumonia that is typically acquired by inhaling aerosolized water droplets contaminated with the bacteria. Legionnaires' disease is a severe and sometimes life-threatening form of pneumonia that requires prompt medical attention.
100983	The cost of cremation varies depending on the location, type of service, and funeral home. On average, the cost of a direct cremation (without a funeral service) can range from $600 to $1,000. A direct cremation includes the transportation of the body, cremation fees, and the return of the cremated remains in an urn. Adding a memorial service or a viewing can increase the cost to $1,500 to $3,000 or more. It is important to note that some funeral
194013	The cost of generic Vivelle-Dot patches can vary depending on the country, insurance coverage, and the specific strength of the patch. However, on average, the cost of a generic Vivelle-Dot patch is around $20 to $50 per patch, per month. It's important to note that the cost of the patch may be higher or lower depending on the specific product and the country where it is purchased.
1119092	Dual band refers to a wireless router's ability to transmit on two different frequency bands, such as 2.4 GHz and 5 GHz. This allows the router to broadcast a signal on two different frequencies at the same time, improving overall network performance and increasing the range of the router. Dual band routers are typically used in situations where there are multiple devices that need to be connected to the network simultaneously, such as in a busy office or a large household with many devices. By using both frequency bands, the router can handle more devices and provide a faster and more reliable connection. It's
1133167	The weather in Jamaica is generally warm and sunny throughout the year, with an average temperature of around 77°F (25°C). The island experiences a tropical climate with two main seasons: the rainy season, which lasts from June to October, and the dry season, which lasts from November to May. During the rainy season, Jamaica experiences frequent rain showers and thunderstorms, while the dry season is characterized by dry and sunny weather. However, it's worth noting that the weather can vary depending on the specific location on the island and can
1133418	The distance between Shirleysburg, PA and Newville, PA is approximately 17 miles.
427578	No, the Titanic is not the biggest ship ever built. While it was one of the largest ships of its time, it was surpassed in size by other vessels within a few decades of its launch. For example, the Seawise Giant, a supertanker built in 1979, measures over 458 meters (1,503 feet) in length, making it longer than the Titanic. Similarly, the Emma Mærsk, a container ship built in 2013, measures over 397 meters (1,289
324211	The salary for a Captain Pilot at United Airlines varies based on factors such as experience, location, and aircraft type. As of March 2023, the average annual salary for a Captain Pilot at United Airlines is around $170,000 to $200,000, according to the Bureau of Labor Statistics. However, it's important to note that this is just an average and actual salaries can vary significantly based on individual circumstances.
11096	The cost of replacing the timing belt on an Acura Integra can range from $300 to $500, depending on the year and model of the vehicle. Labor costs can range from $50 to $100, and parts can range from $250 to $400. It is recommended to replace the timing belt every 60,000 to 90,000 miles to ensure proper engine performance and prevent costly repairs down the road.
1134787	Malt is a crucial ingredient in the production of beer. It provides enzymes that break down starches into fermentable sugars, which are converted into alcohol and carbon dioxide during fermentation. The type of malt used can affect the flavor, color, and fermentation characteristics of the beer.
89928	The cost of ceramic tiles per square foot can vary greatly depending on several factors such as the type of tile, quality, size, and brand. Here are some rough estimates of the cost per square foot for ceramic tiles: * Basic, entry-level ceramic tiles can cost around $0.75 to $1.50 per square foot. * Mid-range ceramic tiles can cost between $1.50 to $3.00 per square foot. * High-end, premium ceramic tiles can cost $3.00
499920	Socioemotional processes refer to the ways in which emotions, beliefs, and social interactions influence an individual's thoughts, feelings, and behaviors. This can include things like emotional contagion, where people "catch" emotions from others, or social identity theory, which posits that individuals derive a sense of self and group membership through their social interactions. Socioemotional processes play a crucial role in shaping social behavior, interpersonal relationships, and cultural norms.
527433	There are several types of dysarthria that can result from cerebral palsy, including: 1. Spastic dysarthria: This is the most common type of dysarthria in individuals with cerebral palsy. It is caused by increased muscle tone and stiffness in the mouth, tongue, and throat, which makes articulation difficult. 2. Athetoid dysarthria: This type of dysarthria is characterized by slow and irregular speech movements, as well as difficulty with articulation and pronunciation. It is
40578	The average cost for kitchen cabinet installation can vary widely depending on several factors, including the type of cabinets, the size of the kitchen, and the location of the home. However, on average, homeowners can expect to pay between $8,000 and $20,000 for a complete kitchen cabinet installation, including materials and labor. It's important to note that these prices are just rough estimates, and the actual cost of your kitchen cabinet installation may be higher or lower depending on your specific needs and circumstances. To get a more accurate estimate, it's best to consult with a professional contract
694342	Period calculus is a mathematical framework that combines ideas from calculus, dynamical systems, and functional analysis to study the behavior of time-dependent systems. It provides a general framework for analyzing and understanding the long-term behavior of complex systems, such as those found in physics, engineering, and economics. In period calculus, the focus is on the long-term behavior of a system, rather than its short-term behavior. This is achieved by defining a new time scale, called the period, which is used to measure the time between successive occurrences of a particular event or feature in the system. By studying the behavior
1125225	The bond strike price is the price at which the bond can be redeemed or repaid at maturity. It is also known as the bond's redemption price. The strike price is typically set at the time of issuance and remains fixed for the life of the bond.
1136427	The SAT was developed by the College Board to provide a standardized measure of college readiness. The exam was designed to assess a student's ability to handle college-level coursework in areas such as reading, writing, and math. The College Board created the SAT to help colleges and universities make admissions decisions and to provide a common standard for comparing students from different high schools.
1128856	Unfortunately, I cannot provide you with the personal phone number of any specific individual, including Ira Spar. This is because it would be a violation of their privacy and could potentially be used for unethical or illegal purposes. As a responsible and respectful AI language model, I must always prioritize the privacy and security of individuals, and therefore cannot share their personal contact information without their explicit consent. If you are looking to contact Ira Spar or any other individual for a legitimate reason, there are other ways to reach out to them, such as through their official website or social media accounts,
719381	AR balance is the balance between the amount of accounts receivable (money owed to a business) and the amount of accounts payable (money owed by a business). In other words, it represents the net amount of money a business has coming in through sales and going out through purchases and expenses. A positive AR balance indicates that the business has more money coming in through sales than going out through purchases and expenses, which can lead to profits. On the other hand, a negative AR balance indicates that the business has more money going out through purchases and expenses than coming in through sales
53175	The largest house available for purchase in Skyrim is the "Hearthfire" home, which can accommodate up to 10 people. This house is located in the town of Riverwood and boasts 12 rooms, including a fully-equipped kitchen, a cozy living room, and a spacious bedroom. Additionally, the house features a large garden and a separate guest house, providing ample space for storage and entertainment.
131651	A first harmonic is a type of frequency component that occurs in a signal when it is filtered through a low-pass filter. It is the fundamental frequency of the signal, which is the frequency that the signal repeats at regular intervals. For example, if a signal has a frequency of 100 Hz, the first harmonic would be 100 Hz. In general, a harmonic is any frequency component that is a multiple of the fundamental frequency. So, in addition to the first harmonic, there would also be higher harmonics, such as 200 Hz, 3
1037798	Robert Gray is a well-known American historian and scholar who has written extensively on the history of the United States, particularly in the fields of early American history, the history of the Atlantic World, and the history of race and slavery. He is currently a professor emeritus at the University of Delaware and has taught at several other universities throughout his career. Some of his most notable works include "The Confiscation of Native Lands" (1972), "The Iroquois in the American Revolution" (1976), and "Black Americans: A Documentary History" (1
915593	Sous vide cooking can be used to cook a wide variety of foods, including: * Meats: beef, chicken, pork, lamb, duck, etc. * Fish and seafood: salmon, tuna, shrimp, lobster, etc. * Vegetables: potatoes, carrots, broccoli, cauliflower, etc. * Fruits: apples, pears, berries, citrus fruits, etc. * Legumes: beans, lentils, peas, etc.
264014	The life cycle of a flea typically takes between 12 to 18 months, depending on factors such as temperature, humidity, and the availability of food and water. Here is a brief overview of the flea life cycle: 1. Egg stage: Flea eggs are laid by the female flea on the host animal's fur, typically in batches of up to 50 eggs at a time. It takes about 24 hours for the eggs to hatch. 2. Larval stage: Flea larvae hatch from the eggs and feed on organic
1121402	Contour plowing can reduce soil erosion by: * Reducing the velocity of runoff water, which can carry soil away. * Increasing infiltration of water into the soil, which can recharge groundwater and reduce surface runoff. * Exposing less soil to the elements, which can reduce the risk of soil erosion. * Creating a more varied and complex landscape, which can provide habitat for a wider range of plants and animals. * Reducing the need for tillage, which can reduce soil compaction and improve soil health. *
962179	The Salvation Army was founded in 1865 in London, England by William Booth and his wife Catherine Mumford Booth.
1117099	An active margin is the portion of a portfolio that is actively managed by a fund manager or investment manager. It refers to the portion of the portfolio that is not passively managed through index funds or other automated investment strategies, but rather actively selected and managed by a human manager. The goal of active margin is to generate higher returns than a passive portfolio by actively selecting and weighting assets, making trades, and taking other actions to improve performance.
744366	Epicureanism is a philosophy that was founded by Epicurus in the 3rd century BCE. It is based on the belief that the ultimate goal of human life is to attain happiness and to live in tranquility. Epicurus believed that the key to happiness was to live a simple life, free from excessive desires and fears, and to cultivate friendships and mental peace. He also believed in the importance of reason and critical thinking, and argued that humans should strive to understand the natural world and the workings of the universe, rather than relying on superstition or
277780	One tablespoon of mayonnaise typically contains around 90-100 calories, depending on the brand and type of mayonnaise. Some mayonnaise brands may have more or fewer calories than this, so it's always a good idea to check the nutrition label.
1114563	FTL (Faster Than Light) games are a subgenre of strategy video games that focus on interstellar travel and exploration, often with a focus on survival and resource management. These games typically involve navigating a spaceship through a procedurally generated galaxy, managing resources such as fuel, oxygen, and power, and making strategic decisions about where to travel and how to allocate resources. The name "FTL" refers to the concept of traveling faster than the speed of light, which is impossible according to the laws of physics but is a common trope in science fiction. Ex
1014126	The account number on a check is typically located in the bottom left corner of the check, and it is a unique identifier assigned to the checking account holder by their bank. The account number usually consists of 9-12 digits, and it is used to route the check to the correct bank account for processing.
1117346	The Chicco Pocket Snack Booster Seat is a compact and convenient seat designed for children aged 6-36 months (approximately 9-3 years old). It is designed to boost a child up to the correct height for use with a vehicle's standard lap and shoulder seat belt, providing additional safety and support during travel. The seat features a washable and removable cushion, a five-point harness, and a reclining backrest for added comfort. It also has a built-in cup holder for easy snack storage. The seat is lightweight and
148538	RN (Registered Nurse) and BSN (Bachelor of Science in Nursing) are both nursing degrees, but they differ in several ways: 1. Education: A BSN program typically takes 4 years to complete, while an RN program takes 1-2 years. 2. Credentialing: An RN is a nurse who has completed a nursing program and passed the National Council Licensure Examination (NCLEX-RN). A BSN is a degree earned after completing a 4-year program. 3. S
451602	Medicare defines mechanical ventilation as the use of a machine to assist or replace breathing. This can involve the use of a ventilator, which is a device that takes over the work of breathing, or other equipment such as a Continuous Positive Airway Pressure (CPAP) machine. Mechanical ventilation is typically used to help a patient breathe when they are unable to do so on their own, such as during surgery or in the intensive care unit (ICU). Medicare covers mechanical ventilation services as part of its hospital benefit, which includes inpatient hospital stays and
474735	The phone number for Southwest Airlines customer service is 1-800-I FLY-SWA (1-800-435-9792). Note: This number is available 24/7 for urgent matters and general inquiries. For flight-related inquiries, you can also use the airline's flight tracker tool on their website or mobile app.
359349	To find the midsegment of a trapezoid, you need to construct a line that passes through the midpoint of the trapezoid's parallel sides. Here's how to do it: 1. Identify the parallel sides of the trapezoid. 2. Find the midpoint of each of the parallel sides. 3. Draw a line through the midpoint of each parallel side. 4. The line that passes through the midpoint of each parallel side is the midsegment of the trapezoid. That's it! By constructing a line through the midpoint
903469	The healthiest diet is one that is balanced, varied, and sustainable. It should include a variety of whole foods, including fruits, vegetables, whole grains, lean proteins, and healthy fats. It is also important to limit or avoid processed and sugary foods.
1115776	An AML (Anti-Money Laundering) Surveillance Analyst is an individual who is responsible for monitoring and analyzing financial transactions to detect and prevent money laundering activities. This includes identifying and reporting suspicious transactions, developing and implementing AML policies and procedures, and collaborating with law enforcement agencies to investigate and prosecute money laundering cases. The primary responsibilities of an AML Surveillance Analyst may include: 1. Monitoring large cash transactions and filing Suspicious Activity Reports (SARs) to the Fin
1104492	A certificate of debt is called a bond.
315637	The cost of attending Alabama University (UA) varies depending on several factors, including the student's residency status, academic program, and level of study. Here are some estimates for the 2022-2023 academic year: * In-state tuition and fees: $11,616 * Out-of-state tuition and fees: $27,326 * Room and board: $10,380 (on-campus) or $11,430 (off-campus)
1112341	The daily life of Thai people varies depending on their social status, economic conditions, and geographic location. However, here are some general observations: * Many Thai people start their day early, around 6-7 am, with a traditional breakfast of sticky rice, noodles, or fruit. * The majority of Thai people work in the service industry, including retail, restaurants, and tourism. Others work in manufacturing, agriculture, or as civil servants. * Thai people have a strong cultural tradition of respect for elders, and it is common to see
588587	Heavy metal toxins in the body can occur due to various sources, including: 1. Environmental exposure: Exposure to heavy metals such as lead, mercury, and arsenic through air, water, or soil. 2. Occupational exposure: Exposure to heavy metals in the workplace, such as in mining, smelting, or manufacturing. 3. Consumer products: Exposure to heavy metals through consumer products, such as lead-based paint, mercury-containing thermometers, or arsenic
706080	A web domain is the unique address used to identify a website on the internet. It is the part of the website's address that comes after the "http://" or "https://" and is used to locate the website on the internet. For example, in the website address "www.example.com", "example.com" is the web domain.
117831	Apprehension refers to a feeling of fear or anxiety caused by a perceived threat or danger. It can also refer to a strong expectation or anticipation of something unwelcome or unpleasant. In psychology, apprehension is often used to describe a person's emotional state when they are facing a stressful or uncertain situation.
1120868	Louisiana Tech University's official colors are blue and gold.
1111906	The Gonstead chiropractic technique is a specific method of spinal manipulation and adjustment that is used to treat various types of musculoskeletal problems, including back pain, neck pain, headaches, and sciatica. Developed by Dr. Clarence Gonstead in the 1940s, this technique involves the application of a gentle, low-amplitude thrust to the affected joint, usually the cervical or thoracic spine, to restore proper joint mechanics and improve spinal alignment. The technique is known for its gentle and precise application, which allows for
523270	Toyota of Plano is a new and used car dealership located in Plano, Texas. They offer a wide range of Toyota vehicles, including sedans, SUVs, and trucks. In addition to new Toyotas, they also have a selection of certified pre-owned vehicles and used cars from other manufacturers. The dealership provides various services, such as financing, maintenance, and repair. They also have a parts department for customers who want to repair or upgrade their vehicles. I hope this information helps! Let me know if you have any other questions.
133358	Coining money refers to the process of creating new money by minting it. Minting involves striking or printing currency with a government's authority, which gives the money its value. In other words, coining money means creating new currency that is recognized and accepted as legal tender.
67262	Yes, foreigners (farang) can live in Thailand, but there are certain requirements and restrictions that must be met. Here are some key points to consider: 1. Visa requirements: Foreigners can enter Thailand on a tourist visa, which is typically valid for 30 days. However, to live in Thailand long-term, you will need to obtain a non-immigrant visa. This type of visa is usually granted for a period of one year, with the possibility of extension. 2. Income requirements: To qualify for a non-immigrant vis
1121166	Meteor showers occur when the Earth passes through a trail of small rocky debris left behind by a comet. As the Earth encounters these small rocks, they enter the atmosphere and burn up, creating a spectacular display of shooting stars. The debris trails are left behind by comets that have passed near the Sun and have been heated, causing them to break apart and release their material into space. The Earth then passes through these trails, resulting in a meteor shower.
805321	The area where rock under stress breaks and triggers an earthquake is called a fault. A fault is a crack or fracture in the Earth's crust where rocks on either side of the crack have moved past each other. When rocks on either side of a fault are subjected to stress, they can become stuck and unable to move, causing a buildup of energy that is released as an earthquake. Faults can be found both on land and underwater, and they can be oriented in various directions, including horizontal, vertical, and diagonally.
1129828	The average length of a sound bite is around 5-7 seconds. This is long enough to convey a brief idea or message, but short enough to hold the listener's attention. However, it's important to note that the length of a sound bite can vary depending on the context and purpose of its use.
131843	A sigmet is a type of weather observation that provides information on the intensity and duration of meteorological phenomena, such as thunderstorms, hail, and tornadoes. Sigmets are used by aviation and weather forecasting agencies to predict and track weather conditions that can affect aviation safety.
104861	The cost of interior concrete flooring can vary depending on the type of installation, location, and other factors. However, here are some general cost ranges for interior concrete flooring: * Residential interior concrete flooring: $2 to $5 per square foot * Commercial interior concrete flooring: $3 to $10 per square foot * Exterior concrete flooring: $5 to $15 per square foot Please keep in mind that these cost ranges are approximate and can vary depending on the specific installation and location. It's always best to consult with a professional contractor or supp
833860	The most popular food in Switzerland is fondue. Fondue is a traditional Swiss dish made from melted cheese mixed with wine or broth, and served with bread or potatoes for dipping. It is a classic Swiss dish that has been enjoyed for centuries and is a staple of Swiss cuisine.
207786	Some sharks are warm-blooded because they have a specialized circulatory system that allows them to regulate their body temperature internally, rather than relying on external sources of heat. This is known as endothermy, and it allows these sharks to maintain a relatively constant body temperature, even in cold water. In contrast, most other animals, including humans, are ectothermic, meaning that they rely on external sources of heat to regulate their body temperature. This means that their body temperature can fluctuate in response to changes in the environment, and they may need to expend energy to maintain
691330	A moderator variable is a term used in statistics and research to describe a variable that influences the relationship between another variable (the independent variable) and a third variable (the dependent variable). In other words, a moderator variable affects how the independent variable affects the dependent variable. For example, let's say you're studying the relationship between exercise and weight loss. Age could be a moderator variable, as it might affect how much weight is lost through exercise. If you're older, you might lose less weight through exercise than someone who is younger. Moderator variables can help us understand how different
1103528	Jobu is a fictional character from the 1984 movie "Mr. Baseball." He is a Japanese baseball player who is brought to the United States to play for the New York Yankees. The character is played by actor Danny Glover and is known for his unique way of speaking and his love of baseball.
1132213	In yoga, the length of time you hold a bow (or bow position) can vary depending on the style and level of practice. Here are some general guidelines: * Hatha and Vinyasa yoga: Hold the bow position for 3-5 breaths or longer, depending on the pose. * Ashtanga yoga: Hold the bow position for 5-7 breaths, with a focus on steady, flowing movement. * Iyengar yoga: Hold the bow position for 3-5 breaths, with attention to proper alignment and form. *
335594	Nicole Kidman is 58 years old. (born June 20, 1967)
1134138	Honored means respected or admired. It is often used to describe a person who has been given a high honor or award. For example, "The president was honored with a Nobel Peace Prize for his efforts to bring peace to the region."
138632	The tangent of a function at a point is a line that just touches the graph of the function at that point. In other words, it is a line that is parallel to the graph of the function at that point, but does not intersect the graph anywhere else. The tangent line provides information about the behavior of the function near the point, such as the slope of the function at that point. The tangent is a fundamental concept in calculus, and is used to study the properties of functions, including their continuity and differentiability. In summary, the tangent of a function at a point is a
671071	On an external hard drive, information such as files, documents, photos, videos, and other digital data are stored. The drive uses a magnetic or solid-state drive (SSD) to store data, which can be accessed and transferred to and from a computer via a USB or FireWire connection. The drive can also be used to store operating systems, applications, and system settings, allowing users to easily back up and transfer their data between computers.
705609	A virus is made up of a protein coat that surrounds a core of genetic material, usually DNA or RNA. The protein coat is made up of several different proteins that are arranged in a specific pattern. The genetic material inside the virus is what allows it to replicate and infect cells.
1114819	Durable medical equipment (DME) consists of medical devices or equipment that are designed to provide long-term assistance or support for individuals with chronic conditions or disabilities. Examples of DME include: * Wheelchairs and scooters * Hospital beds and mattresses * Walking aids (e.g., canes, crutches, walkers) * Oxygen therapy equipment (e.g., oxygen tanks, concentrators) * Respiratory equipment (e.g., ventilators, inhalers) * Orthot
855434	Couples therapy or marriage counseling.
1134463	Harvey Mudd College is a highly selective liberal arts college with a strong focus on STEM fields (science, technology, engineering, and math). According to the college's website, the cost of attending Harvey Mudd College for the 2022-2023 academic year is as follows: * Tuition: $67,620 * Fees: $1,132 * Room and Board: $10,556 (on-campus) or $7,240 (off-campus)
747511	Firewalking is a form of physical challenge where a person walks barefoot over hot coals or embers. It is often performed as part of spiritual or self-help events, and is believed by some to have healing and spiritual benefits. However, it is important to note that firewalking can also be dangerous and has led to serious injuries and burns in some cases. It is crucial to take proper safety precautions and seek medical attention if any discomfort or injury occurs during or after the firewalk.
502261	The routing number for Stamford Federal Credit Union is 211377167.
183378	Exons are the segments of DNA within a gene that contain instructions for making proteins. They are the regions of the gene that are transcribed into RNA and then translated into amino acids, which are the building blocks of proteins. Exons are usually interrupted by regions of non-coding DNA called introns, which are removed during the processing of the RNA molecule. The combination of exons and introns in a gene determines the final sequence of amino acids in the protein that is produced. In summary, exons are the coding regions of a gene that contain the instructions for making
654723	Velvet can symbolize luxury, elegance, and sophistication, as well as softness and tactility. It is often associated with fine dining, formal events, and high-end fashion. In art and decoration, velvet can add a rich, regal atmosphere and create a sense of opulence and grandeur. Additionally, velvet can represent creativity, craftsmanship, and tradition, as it is a textile that requires skilled craftsmanship to produce.
1117387	The term "Chevy Chase" can have different meanings depending on the context. Here are a few possible explanations: 1. Chevy Chase (born 1943) is an American comedian and actor, best known for his roles in the "Saturday Night Live" TV series and numerous comedy films, including "Fletch" and "National Lampoon's Vacation." 2. Chevy Chase is also a suburb of Washington, D.C., located in Montgomery County, Maryland. The name "Chevy Chase" is derived from the
479871	The synonym for "presidential" is "executive."
541571	Dopamine is a neurotransmitter that plays a crucial role in various physiological and psychological processes in the brain, including mood regulation, motivation, and reward processing. It is produced by neurons in the brain and acts as a messenger between neurons, transmitting signals to regulate different functions. Dopamine is often referred to as the "pleasure molecule" or "reward neurotransmitter" because it is involved in the experience of pleasure and reward. It is also involved in the regulation of movement, mood, and cognitive processes
1106007	Visceral refers to something related to the internal organs or innermost part of the body, such as the heart, lungs, or stomach. It can also describe something that is intense, emotional, or deeply felt, such as a visceral reaction to a piece of art or a visceral fear of public speaking. In psychology, the term "visceral" is often used to describe emotions or experiences that are thought to be more primitive or instinctual, such as fear or anger, compared to more complex emotions like love or happiness.
60235	The number of calories in an egg fried will depend on several factors, including the size and type of egg, the cooking method, and the amount of oil or butter used. A large egg (50g) contains around 70 calories. Frieding an egg in a small amount of oil or butter will increase the calorie content, while frying it in a larger amount of oil or butter will decrease the calorie content. On average, frying an egg in a small amount of oil or butter (around 1-2 tablespoons) will add around
180442	The film "Enemy of the State" (1998) features a talented cast, including: * Will Smith as Brice Woodson * Gene Hackman as Robert "Bob" Wrtiz * Jon Voight as Senator Henry Cleary * Lisa Bonet as Jamie * Jason London as Chad * Jake Busey as Danny Directed by Tony Scott, the movie follows the story of Brice Woodson, a lawyer who becomes the target of a surveillance state after he discovers a dark secret about his past.
710347	Amitriptyline is an antidepressant medication that is primarily prescribed to treat depression, anxiety disorders, and chronic pain conditions. It works by increasing the levels of certain neurotransmitters in the brain, such as serotonin and norepinephrine, which help to improve mood and alleviate symptoms of depression and anxiety. It may also be used off-label to treat other conditions such as migraines, fibromyalgia, and irritable bowel syndrome.
1124210	Tracheids are part of the vascular tissue in plants, specifically in the xylem.
287683	The Liberty Ship was built in Bath, Maine, not Brunswick. Bath was the primary location where Liberty Ships were constructed during World War II, with over 3,000 vessels built in the city between 1941 and 1945.
490595	RSA stands for "Rivest-Shamir-Adleman." It is a popular public-key encryption algorithm used to secure online communications. In RSA, a private key is used to encrypt data, and a public key is used to decrypt it. The key sizes used in RSA are typically 1024 bits, 2048 bits, or 4096 bits. The larger the key size, the more secure the encryption. RSA is widely used for secure web browsing, online banking, and other applications that require secure data transfer. It is considered
291865	The population of Peru is approximately 32 million people. Please let me know if you have any further questions.
794725	SecureNet is a software framework for building secure and efficient distributed systems. It provides a set of programming abstractions and runtime components that enable developers to design and deploy secure applications with minimal effort and risk. SecureNet is designed to be highly flexible and adaptable, allowing developers to create custom security solutions that meet the specific needs of their applications. It provides a range of security features, including access control, encryption, and intrusion detection, as well as tools for debugging and testing. SecureNet is written in C++ and is designed to be portable across a wide range of platforms, including Windows, Linux, and
1103812	The Commonwealth of Independent States (CIS) was formed in 1991 by several former Soviet republics, including Russia, Ukraine, Belarus, Armenia, Azerbaijan, Georgia, Kazakhstan, Kyrgyzstan, Moldova, Tajikistan, and Uzbekistan. The CIS was established as a way for these countries to cooperate and maintain economic, political, and military ties following the dissolution of the Soviet Union.
436600	The largest Hindu temple in New Jersey is the BAPS Shri Swaminarayan Mandir in Robbinsville. It was built in 2004 and features a large central shrine, a shrine room, and several other prayer halls. It is a popular destination for Hindus and non-Hindus alike, offering a glimpse into Hindu culture and spirituality.
1047259	Starsky and Hutch was played by David Soul and Paul Michael Glaser. Soul played the character of Detective David Starsky, while Glaser played the character of Detective Kenneth 'Hutch' Hutchinson.
964223	The next eclipse will occur on [Date] and will be a [type of eclipse (total, annular, etc.)].
564054	RDW (Red Blood Cell Distribution Width) is a measure of the variation in the size of red blood cells (RBCs) in a blood sample. It is typically expressed as a percentage of the mean RBC diameter. An elevated RDW value (>13%) can indicate that the RBCs are larger or smaller than average, which can be a sign of various underlying conditions, such as anemia, dehydration, or chronic disease.
87181	There are several causes of left ventricular hypertrophy (LVH), including: 1. High blood pressure: Prolonged and consistently high blood pressure can cause the heart to work harder and lead to LVH. 2. Heart disease: Conditions such as coronary artery disease, heart valve problems, and cardiomyopathy can all lead to LVH. 3. Genetics: Some people may be born with a genetic predisposition to develop LVH. 4. Diabetes: Uncontrolled diabetes
1116052	The synonym for thoracic is chest.
554515	Achieved statuses are positions or roles that an individual acquires through their own efforts and accomplishments, such as educational degrees, job promotions, or athletic achievements. Ascribed statuses, on the other hand, are positions or roles that an individual is born into or assigned based on their social identity, such as race, gender, or socioeconomic status. These statuses are not necessarily the result of an individual's own actions or abilities.
443396	LPS (Local Public Safety) laws are statutes that regulate the use of deadly force by law enforcement officers in specific situations. These laws vary by state and jurisdiction, but typically provide guidelines for when an officer can use deadly force, such as in self-defense or to prevent imminent harm to others. In simple terms, LPS laws define when and how police officers can use lethal force to protect themselves or others from harm. These laws help ensure that officers act appropriately and in accordance with the law when faced with life-threatening situations.
1123581	To calculate your Social Security benefit per month, we will need to know your average lifetime earnings. This is calculated by adding up your lifetime earnings from Social Security-covered jobs and dividing it by the number of months you have worked and paid Social Security taxes. For example, let's say your lifetime earnings are $80,000. If you worked 40 years and paid Social Security taxes for 40 years, your average lifetime earnings would be $80,000 / 40 years = $2,000 per year. To calculate
714453	An exercised stock option is when the holder of an option contract decides to buy or sell the underlying stock at the specified strike price. This typically occurs when the market price of the stock is at or near the strike price, providing the option holder with a profit. For example, if an option holder holds a call option with a strike price of $50 and the market price of the stock is $60, they may exercise the option to buy the stock at $50 and then sell it at $60 for a profit.
972007	The Chicago White Sox play their home games at Guaranteed Rate Field, located on 333 West 35th Street in Chicago, Illinois.
929033	The Crusades were a series of religious wars fought between the 11th and 13th centuries. The First Crusade was launched in 1096 and the last Crusade ended in 1291. Therefore, the years of the Crusades were: 1096-1291.
433234	The job ratio in engineering refers to the number of jobs available in an engineering field divided by the number of job seekers. The job ratio can vary depending on factors such as location, industry, and the specific engineering discipline. In general, the job ratio for engineers in the United States is around 1:3, meaning that for every one job opening, there are three job seekers. However, this ratio can vary depending on the specific engineering discipline and location. For example, the job ratio for aerospace engineers may be lower than 1:3 due to the limited number of job opportunities in this field,
1121709	The three percenters are a term used to describe individuals who are responsible for a disproportionate amount of innovation and progress in a given field or society. The term is derived from the idea that a small percentage of people (around 3%) are responsible for a significant percentage of the world's innovation, creativity, and progress. The concept of the three percenters was first popularized by the economist and inventor Ray Kurzweil, who argued that a small group of individuals with exceptional abilities and drive are responsible for a significant percentage of the world's technological advancements.
88073	Several factors can contribute to the development of random whitehead outbreaks, including: * Genetics: Individuals with a family history of acne are more likely to experience whitehead outbreaks. * Hormonal changes: Changes in hormone levels, such as those that occur during puberty, menstruation, pregnancy, or menopause, can lead to whiteheads. * Stress: Stress can cause inflammation in the body, which can lead to the development of whiteheads. * Poor skin care: Not was
87452	Military suicide is a complex issue with multiple causes, including: 1. Trauma exposure: Military personnel are exposed to traumatic events, such as combat, which can lead to emotional distress and increase the risk of suicide. 2. Mental health issues: Many military personnel have undiagnosed or untreated mental health issues, such as depression, anxiety, and post-traumatic stress disorder (PTSD), which can contribute to suicidal thoughts and behaviors. 3. Social isolation: Military personnel may feel disconnected from their peers and
1005165	The Eighth Amendment to the United States Constitution protects a person from cruel or unusual punishment.
1133249	ATP (adenosine triphosphate) is produced through a process called cellular respiration, which takes place in the mitochondria of cells. Cellular respiration is the process by which cells generate energy from the food they consume. There are three main stages of cellular respiration: glycolysis, the citric acid cycle, and oxidative phosphorylation. During glycolysis, glucose (a sugar) is converted into pyruvate, producing a small amount of ATP and NADH (a high-energy electron carrier). In
953067	April is the Month of Autism Awareness in the United States. It is observed every year during the month of April to promote awareness, acceptance, and understanding of autism, a neurological and developmental disorder that affects communication, social interaction, and behavior.
101169	Jet fuel costs vary depending on several factors, such as location, airline, and type of aircraft. On average, the cost of jet fuel ranges from $0.40 to $0.60 per liter, or around $1.60 to $2.40 per gallon. However, prices can fluctuate based on global demand, geopolitical events, and other market factors.
855410	Theraderm is a medical device used for the non-invasive treatment of acne vulgaris and other skin conditions. It uses a combination of radiofrequency (RF) and pulsed electromagnetic fields (PEMF) to heat the deeper layers of the skin, stimulating collagen production and promoting healthy skin cell turnover. This helps to unclog pores, reduce inflammation, and improve skin texture and tone. Theraderm is typically used in combination with other acne treatments, such as topical creams or oral medications, and can be
1121276	Ankle blisters are typically caused by friction and pressure on the skin, often resulting from repetitive movement or pressure on the ankle joint. This can occur from activities such as running, hiking, or dancing, as well as from wearing shoes that do not fit properly or provide adequate support. Other causes of ankle blisters include skin conditions such as eczema or dermatitis, as well as injuries or trauma to the ankle area. Treatment for ankle blisters typically involves keeping the area clean and dry, applying top
1114646	Famvir (fasvir) is an antiviral medication used to treat herpes simplex virus (HSV) infections, including cold sores, genital herpes, and shingles. It works by reducing the severity and duration of outbreaks, and can also help prevent future outbreaks. Famvir is typically prescribed for people with recurrent HSV infections, and can be taken orally in the form of a capsule or tablet.
19335	The anthropological definition of environment is the sum total of all the social, cultural, and ecological factors that shape human behavior and practices. It includes the physical and natural context in which people live, as well as the social and cultural structures that influence their interactions with the world around them. In this definition, environment is understood as a dynamic and complex system that affects and is affected by human activity, and is shaped by the historical, cultural, and social processes that have formed a particular society or culture.
789700	RBRVS stands for Resource-Based Relative Value Scale. It is a method used in the United States to assign values to medical procedures and services based on the resources used to perform them. The RBRVS is used by payers, including Medicare, to determine the amount of payment for medical services. In RBRVS, each procedure is assigned a relative value unit (RVU) based on the resources required to perform it. The RVU is then adjusted for practice expense, malpractice expense, and geographic adjustment to determine the final payment amount. RBR
47923	Axon terminals are the ends of a nerve fiber (axon) where the neurotransmitters are released into the synapse between the axon and another neuron. Synaptic knobs, on the other hand, are small protrusions on the surface of a neuron that contain synapses and are responsible for transmitting signals between neurons. In summary, axon terminals are the ends of an axon where neurotransmitters are released, while synaptic knobs are small protrusions on the surface of a neuron that contain syn
301524	There are 7 zeros in one septillion.
405717	No, CDG (Roissy-Charles de Gaulle) Airport is not located in the main part of Paris. It is located in the northwestern suburbs of the city, about 23 kilometers (14 miles) from the center of Paris. The main part of Paris, also known as the city center, is located in the 1st, 2nd, 3rd, 4th, 5th, 6th, 7th, 8th, 9th, and 10th arrondissements (districts).
165633	Yes, doxycycline contains sulfa. It is a tetracycline antibiotic that contains the sulfonamide group, which is responsible for its antibacterial activity.
952774	The evening is generally defined as the time period between 4pm and 8pm, depending on the context and location. However, some cultures and time zones may have different definitions of the evening. For example, in some cultures, the evening may start earlier, around 2pm or 3pm, while in others it may start later, around 7pm or 8pm. Ultimately, the exact definition of the evening will depend on the specific context and location.
766511	LMT stocks, also known as Lockheed Martin stocks, are shares of the Lockheed Martin Corporation, a leading global defense, aerospace, and security company. Lockheed Martin is a major defense contractor and provides a wide range of products and services to the US military and other governments around the world. The company's stock is publicly traded on the New York Stock Exchange (NYSE) under the ticker symbol LMT.
1106293	Shazam! was released on April 5, 2019.
452431	Melanoma skin cancer can cause a variety of symptoms, including: 1. A new or changing mole: This is the most common symptom of melanoma. It can be a new mole or a change in the size, shape, or color of an existing mole. 2. Itching or tenderness: Some people with melanoma may experience itching or tenderness in the affected area. 3. Pain: Melanoma can cause pain in the affected area, which can be a sign of the cancer spreading to other parts of the body. 4.
1109818	Banish's level of difficulty depends on the individual. Some people may find it easier than others due to their personal experience and familiarity with the topic. However, in general, Banish is considered a moderately difficult deck to build and play. It requires a good understanding of the fundamentals of magic and illusion, as well as the ability to think creatively and strategically. The deck also includes some more complex and intricate mechanics, such as the use of "banish" and "reveal" cards, which can take time to master. Overall, while Banish is not
1047902	Dr. Fell is played by actor Michael Trevino on The Vampire Diaries.
306076	The cost of earning a bachelor's degree online can vary depending on several factors, such as the institution, program, and location. However, on average, the cost of an online bachelor's degree can range from $3,000 to $15,000 per year. Some institutions may offer more affordable options, while others may be more expensive. It's important to research and compare different institutions to find the best fit for your budget and academic goals.
551040	The recommended age for a prostate check varies depending on the individual's risk factors and medical history. Generally, men should start getting routine prostate exams around age 50, and then every one to two years after that. However, men with a family history of prostate cancer or other risk factors may need to start screening earlier. It's important to consult with a healthcare provider to determine the appropriate age for a prostate check.
1059231	The song "Look at Me Now" was written by Chris Brown, Drake, and Niko the Kid.
182539	A monotonic function is a function that either increases or decreases in value as the input changes. For example, the function f(x) = x^2 is monotonic because for any two values x1 and x2, if x1 < x2, then f(x1) < f(x2).
1115569	Andrés Bello (1781-1865) was a Colombian educator, politician, and philosopher. He is considered one of the most important figures in the intellectual and educational history of Colombia and Latin America. Bello was born in Caracas, Venezuela, and studied at the University of Lima, where he earned a degree in philosophy. He later became a professor of philosophy at the same university and was appointed as the rector of the National University of Colombia in 1850. Bello is best known for his work in the field of education, particularly his efforts to
351697	To convert numbers into words in Excel 2010, you can use the "Format Cells" option and select "Number" from the drop-down menu. Then, select the "Add Formula Bar" option, and type "=LEFT(A1,FRACTION_DIGITS)" in the formula bar. Replace "A1" with the cell reference of the number you want to convert. This will convert the number to words, with the number of digits displayed in the "Fraction Digits" field. You can adjust this field to change the number of digits displayed.
904965	The time in Howard, Pennsylvania is currently (insert current time).
292906	According to Google's official statistics, over 4.5 billion searches are conducted on Google every day. This number has been steadily increasing over the years, with a growth rate of around 20% year-over-year. So, to answer your question directly, it is estimated that over 4.5 billion people use Google at least once a day.
662372	A thumb drive for Mac needs to be in the format of a Mac-compatible file system such as HFS+ (Hierarchical File System Plus). This file system is used by Mac computers and is the default file system used by macOS. So, to use a thumb drive on a Mac, make sure it's formatted as HFS+. Most thumb drives come pre-formatted this way, but it's always a good idea to check before using it on a Mac.
364142	There are several ways to heal muscle soreness, also known as delayed onset muscle soreness (DOMS). Here are some of the most effective methods: 1. Stretching: Gentle stretching can help reduce muscle soreness by increasing blood flow to the affected area. Focus on static stretches that hold the muscle in a lengthened position for 20-30 seconds. 2. Foam rolling: Using a foam roller can help massage out knots in the muscle and promote blood flow. Focus on the affected area and roll in a slow
20455	Augmented reality (AR) glasses are wearable devices that use technology to superimpose digital information and images onto the wearer's view of the real world. They are designed to enhance or augment the wearer's perception of reality by adding virtual objects, sounds, or other sensory inputs that blend seamlessly with the real environment. Unlike virtual reality (VR) glasses, which create a completely digital environment, AR glasses allow users to interact with both the digital and real-world environments simultaneously. Popular examples of AR glasses include Google Glass and Microsoft Holo
1119058	An electric vehicle (EV) is a vehicle that is powered by electricity from a battery or a fuel cell, rather than by fossil fuels. EVs are designed to reduce greenhouse gas emissions and improve air quality, as they produce zero tailpipe emissions. Examples of EVs include battery electric vehicles (BEVs), plug-in hybrid electric vehicles (PHEVs), and hydrogen fuel cell electric vehicles (FCEVs).
203318	As a Hilton Lifetime Diamond member, you are eligible for numerous benefits and perks, including: 1. Unlimited complimentary upgrades to the best available room, excluding suites. 2. Priority check-in and check-out, giving you more time to relax in your room or explore the hotel's amenities. 3. Access to the exclusive Diamond Hour, where you can enjoy a complimentary cocktail or snack in a designated area. 4. Discounts on food, drinks, and spa treatments at
1126813	A noe fracture is a type of fracture that occurs without any direct trauma or injury. It is also known as a spontaneous fracture or stress fracture. Causes: * Overuse or repetitive stress on a bone * Osteoporosis or weakened bones * Poor nutrition or malnutrition * Systemic diseases such as osteopenia or osteoporosis * Inflammatory conditions such as rheumatoid arthritis Symptoms:
240053	Safety council class certification is typically valid for a period of 3-5 years. However, this can vary depending on the specific certification program and the organization issuing the certification. Some programs may require recertification every 1-2 years to ensure that the individual remains up-to-date on the latest safety practices and regulations. It is important to check with the certifying organization for specific information on the duration of their certification.
1115392	Biblioteca is the Spanish word for library. It refers to a collection of books, media, and other resources that are made available for public use, usually in a physical location such as a building. In the context of library and information science, biblioteca is often used to refer to a specific type of library that is focused on collecting and preserving written works, such as a reference library or a research library.
1113437	Spruce is a type of evergreen tree with a conical shape and a slender trunk. Its bark is light brown and smooth, and its branches are horizontal or drooping. The needles are flat, flexible, and have a bluish-green color. They are arranged in twos or threes on short spurs around the branchlets. The cones are oval, purple, and about 1 inch long. The trees can grow to be quite tall, with some species reaching heights of over 100 feet.
1122461	Hydrocarbons in lipids refer to the carbon atoms that are bonded only to hydrogen atoms. They are the basic structural units of lipids, which are organic compounds that are insoluble in water but soluble in organic solvents. The hydrocarbon chains in lipids can vary in length and can be saturated or unsaturated. Saturated hydrocarbons have no double bonds, while unsaturated hydrocarbons have one or more double bonds. The presence of double bonds in unsaturated hydrocarbons gives lip
1116341	A closed-ended mortgage is a type of mortgage loan that has a fixed repayment term, typically 15 or 30 years. The borrower makes the same monthly payments for the entire term of the loan, and the lender receives a set amount of money upfront. Unlike an open-ended mortgage, which allows the borrower to make additional payments or pay off the loan early, a closed-ended mortgage has a fixed repayment schedule.
1129237	Hydrogen is a liquid at temperatures below approximately -253°C (-423°F).
912070	Pavlov's dog, a famous experiment in classical conditioning, does not have an eruption. The experiment involves training a dog to associate a neutral stimulus (such as a bell) with a food reward, leading to the dog salivating at the sound of the bell alone. There is no eruption involved in this experiment.
278813	The ideal number of carbs to eat per day to lose weight depends on various factors such as age, sex, body composition, and activity level. However, a general guideline is to aim for 10-30% of daily calories from carbohydrates. This translates to about 100-200 grams of carbs per day for an average adult. For example, if you are trying to lose weight and your daily caloric needs are 2000 calories, your carb intake would be around 200-600 cal
423273	School lunches are generally not tax deductible. The Internal Revenue Service (IRS) does not consider school lunches to be a tax-deductible expense. This is because school lunches are considered a fringe benefit, rather than a legitimate business expense. However, there may be some exceptions for certain types of schools or educational institutions. For example, schools that are operated for the purpose of providing specialized educational services, such as those for children with disabilities, may be eligible for certain tax deductions. It's best to consult with a tax professional
507445	There are several types of brain bleeds, each with their unique symptoms. Here are some of the most common symptoms associated with each type: 1. Intracerebral hemorrhage: Headache, confusion, seizures, loss of consciousness, and weakness or numbness in the face or limbs. 2. Subarachnoid hemorrhage: Headache, nausea and vomiting, double vision, difficulty speaking or understanding speech, and loss of coordination or balance. 3. Cerebral contusion: Headache, confusion,
25129	Stem cell injections are not FDA approved for any medical use. The FDA has not cleared or approved any stem cell therapy for marketing in the United States. The agency has issued several warnings about the use of stem cell treatments, highlighting the risks associated with these unproven and often dangerous treatments. The FDA has specific guidelines for the use of stem cells, including the use of autologous stem cells (stem cells derived from the patient's own body) for investigational purposes in clinical trials. However, these guidelines do not apply to the
146187	A McDouble is a type of sandwich sold by McDonald's that consists of two beef patties, cheese, onions, pickles, and a special sauce on a sesame seed bun. A double cheeseburger, on the other hand, is a burger that features two beef patties, cheese, lettuce, tomato, onion, and a bun. The main difference between the two is that a McDouble has a special sauce and sesame seed bun, while a double cheeseburger typically has a plain bun.
634428	CHS stands for "Certified Horticulture Specialist". It is a professional certification offered by the American Society for Horticultural Science (ASHS) to individuals who have demonstrated expertise in horticulture, including knowledge of plant growth, nutrition, pest management, and plant breeding.
1121986	Having low blood sugar, also known as hypoglycemia, can cause a range of symptoms including shakiness, dizziness, confusion, and difficulty concentrating. It can also lead to more severe complications such as seizures, coma, and even death if left untreated. It is important to recognize the signs of low blood sugar and treat it promptly to avoid these complications.
321441	A United States Postal Service (USPS) stamp costs $0.55 for a standard letter weighing up to 1 ounce. Additional ounces are $0.15 each. For example, a letter weighing 2 ounces would cost $0.70 in postage. This rate is subject to change, so it's best to check the USPS website or at a local post office for the most up-to-date pricing.
532603	The University of Dubuque (UD) has an average enrollment of around 2,000 students. The university offers undergraduate and graduate programs in fields such as business, education, health sciences, and liberal arts. UD has a diverse student body and a strong commitment to academic excellence and spiritual growth. The university is located in Dubuque, Iowa, which offers a small-town feel with easy access to larger cities like Minneapolis and Chicago. In terms of admission, UD has a moderate acceptance rate and considers a range of factors when evaluating applications